-- phpMyAdmin SQL Dump
-- version 5.0.4
-- https://www.phpmyadmin.net/
--
-- Хост: 127.0.0.1:3306
-- Время создания: Июн 22 2021 г., 01:53
-- Версия сервера: 8.0.19
-- Версия PHP: 7.1.33

SET SQL_MODE = "NO_AUTO_VALUE_ON_ZERO";
START TRANSACTION;
SET time_zone = "+00:00";


/*!40101 SET @OLD_CHARACTER_SET_CLIENT=@@CHARACTER_SET_CLIENT */;
/*!40101 SET @OLD_CHARACTER_SET_RESULTS=@@CHARACTER_SET_RESULTS */;
/*!40101 SET @OLD_COLLATION_CONNECTION=@@COLLATION_CONNECTION */;
/*!40101 SET NAMES utf8mb4 */;

--
-- База данных: `dem`
--

-- --------------------------------------------------------

--
-- Структура таблицы `auth_assignment`
--

CREATE TABLE `auth_assignment` (
  `item_name` varchar(64) COLLATE utf8_unicode_ci NOT NULL,
  `user_id` varchar(64) COLLATE utf8_unicode_ci NOT NULL,
  `created_at` int DEFAULT NULL
) ENGINE=InnoDB DEFAULT CHARSET=utf8 COLLATE=utf8_unicode_ci;

--
-- Дамп данных таблицы `auth_assignment`
--

INSERT INTO `auth_assignment` (`item_name`, `user_id`, `created_at`) VALUES
('admin', '1', 1624313544),
('manager', '6', 1624313544);

-- --------------------------------------------------------

--
-- Структура таблицы `auth_item`
--

CREATE TABLE `auth_item` (
  `name` varchar(64) COLLATE utf8_unicode_ci NOT NULL,
  `type` smallint NOT NULL,
  `description` text COLLATE utf8_unicode_ci,
  `rule_name` varchar(64) COLLATE utf8_unicode_ci DEFAULT NULL,
  `data` blob,
  `created_at` int DEFAULT NULL,
  `updated_at` int DEFAULT NULL
) ENGINE=InnoDB DEFAULT CHARSET=utf8 COLLATE=utf8_unicode_ci;

--
-- Дамп данных таблицы `auth_item`
--

INSERT INTO `auth_item` (`name`, `type`, `description`, `rule_name`, `data`, `created_at`, `updated_at`) VALUES
('admin', 1, NULL, NULL, NULL, 1624313543, 1624313543),
('AdminPage', 2, 'Админки', NULL, NULL, 1624313543, 1624313543),
('courier', 1, NULL, NULL, NULL, 1624313543, 1624313543),
('manager', 1, NULL, NULL, NULL, 1624313543, 1624313543),
('user', 1, NULL, NULL, NULL, 1624313543, 1624313543),
('viewPanelCourier', 2, 'Панель курьера', NULL, NULL, 1624313543, 1624313543),
('viewPanelManager', 2, 'Панель менеджера', NULL, NULL, 1624313543, 1624313543);

-- --------------------------------------------------------

--
-- Структура таблицы `auth_item_child`
--

CREATE TABLE `auth_item_child` (
  `parent` varchar(64) COLLATE utf8_unicode_ci NOT NULL,
  `child` varchar(64) COLLATE utf8_unicode_ci NOT NULL
) ENGINE=InnoDB DEFAULT CHARSET=utf8 COLLATE=utf8_unicode_ci;

--
-- Дамп данных таблицы `auth_item_child`
--

INSERT INTO `auth_item_child` (`parent`, `child`) VALUES
('admin', 'AdminPage'),
('manager', 'courier'),
('admin', 'manager'),
('courier', 'viewPanelCourier'),
('manager', 'viewPanelManager');

-- --------------------------------------------------------

--
-- Структура таблицы `auth_rule`
--

CREATE TABLE `auth_rule` (
  `name` varchar(64) COLLATE utf8_unicode_ci NOT NULL,
  `data` blob,
  `created_at` int DEFAULT NULL,
  `updated_at` int DEFAULT NULL
) ENGINE=InnoDB DEFAULT CHARSET=utf8 COLLATE=utf8_unicode_ci;

-- --------------------------------------------------------

--
-- Структура таблицы `data`
--

CREATE TABLE `data` (
  `id` int NOT NULL,
  `data` date NOT NULL
) ENGINE=InnoDB DEFAULT CHARSET=utf8;

-- --------------------------------------------------------

--
-- Структура таблицы `migration`
--

CREATE TABLE `migration` (
  `version` varchar(180) NOT NULL,
  `apply_time` int DEFAULT NULL
) ENGINE=InnoDB DEFAULT CHARSET=utf8;

--
-- Дамп данных таблицы `migration`
--

INSERT INTO `migration` (`version`, `apply_time`) VALUES
('m000000_000000_base', 1624299522),
('m000000_000000_create_user_table', 1624299525),
('m140506_102106_rbac_init', 1624313452),
('m170907_052038_rbac_add_index_on_auth_assignment_user_id', 1624313453),
('m180523_151638_rbac_updates_indexes_without_prefix', 1624313453),
('m200409_110543_rbac_update_mssql_trigger', 1624313454);

-- --------------------------------------------------------

--
-- Структура таблицы `user`
--

CREATE TABLE `user` (
  `id` int NOT NULL,
  `username` varchar(255) COLLATE utf8_unicode_ci NOT NULL,
  `auth_key` varchar(32) COLLATE utf8_unicode_ci NOT NULL,
  `password_hash` varchar(255) COLLATE utf8_unicode_ci NOT NULL,
  `password_reset_token` varchar(255) COLLATE utf8_unicode_ci DEFAULT NULL,
  `email` varchar(255) COLLATE utf8_unicode_ci NOT NULL,
  `status` smallint NOT NULL DEFAULT '10',
  `created_at` int NOT NULL,
  `updated_at` int NOT NULL
) ENGINE=InnoDB DEFAULT CHARSET=utf8 COLLATE=utf8_unicode_ci;

--
-- Дамп данных таблицы `user`
--

INSERT INTO `user` (`id`, `username`, `auth_key`, `password_hash`, `password_reset_token`, `email`, `status`, `created_at`, `updated_at`) VALUES
(1, '123', '75207LKjNRYi2u13fKpfotoprnwWlyyY', '$2y$13$dQtDuZJMRgzmIqa0RflOpO/QdaeUjccWDjBGyE6KtT0CtsXNDJFfO', NULL, '123@mail.ru', 10, 1624299598, 1624299598);

--
-- Индексы сохранённых таблиц
--

--
-- Индексы таблицы `auth_assignment`
--
ALTER TABLE `auth_assignment`
  ADD PRIMARY KEY (`item_name`,`user_id`),
  ADD KEY `idx-auth_assignment-user_id` (`user_id`);

--
-- Индексы таблицы `auth_item`
--
ALTER TABLE `auth_item`
  ADD PRIMARY KEY (`name`),
  ADD KEY `rule_name` (`rule_name`),
  ADD KEY `idx-auth_item-type` (`type`);

--
-- Индексы таблицы `auth_item_child`
--
ALTER TABLE `auth_item_child`
  ADD PRIMARY KEY (`parent`,`child`),
  ADD KEY `child` (`child`);

--
-- Индексы таблицы `auth_rule`
--
ALTER TABLE `auth_rule`
  ADD PRIMARY KEY (`name`);

--
-- Индексы таблицы `data`
--
ALTER TABLE `data`
  ADD PRIMARY KEY (`id`);

--
-- Индексы таблицы `migration`
--
ALTER TABLE `migration`
  ADD PRIMARY KEY (`version`);

--
-- Индексы таблицы `user`
--
ALTER TABLE `user`
  ADD PRIMARY KEY (`id`),
  ADD UNIQUE KEY `username` (`username`),
  ADD UNIQUE KEY `email` (`email`),
  ADD UNIQUE KEY `password_reset_token` (`password_reset_token`);

--
-- AUTO_INCREMENT для сохранённых таблиц
--

--
-- AUTO_INCREMENT для таблицы `data`
--
ALTER TABLE `data`
  MODIFY `id` int NOT NULL AUTO_INCREMENT;

--
-- AUTO_INCREMENT для таблицы `user`
--
ALTER TABLE `user`
  MODIFY `id` int NOT NULL AUTO_INCREMENT, AUTO_INCREMENT=2;

--
-- Ограничения внешнего ключа сохраненных таблиц
--

--
-- Ограничения внешнего ключа таблицы `auth_assignment`
--
ALTER TABLE `auth_assignment`
  ADD CONSTRAINT `auth_assignment_ibfk_1` FOREIGN KEY (`item_name`) REFERENCES `auth_item` (`name`) ON DELETE CASCADE ON UPDATE CASCADE;

--
-- Ограничения внешнего ключа таблицы `auth_item`
--
ALTER TABLE `auth_item`
  ADD CONSTRAINT `auth_item_ibfk_1` FOREIGN KEY (`rule_name`) REFERENCES `auth_rule` (`name`) ON DELETE SET NULL ON UPDATE CASCADE;

--
-- Ограничения внешнего ключа таблицы `auth_item_child`
--
ALTER TABLE `auth_item_child`
  ADD CONSTRAINT `auth_item_child_ibfk_1` FOREIGN KEY (`parent`) REFERENCES `auth_item` (`name`) ON DELETE CASCADE ON UPDATE CASCADE,
  ADD CONSTRAINT `auth_item_child_ibfk_2` FOREIGN KEY (`child`) REFERENCES `auth_item` (`name`) ON DELETE CASCADE ON UPDATE CASCADE;
COMMIT;

/*!40101 SET CHARACTER_SET_CLIENT=@OLD_CHARACTER_SET_CLIENT */;
/*!40101 SET CHARACTER_SET_RESULTS=@OLD_CHARACTER_SET_RESULTS */;
/*!40101 SET COLLATION_CONNECTION=@OLD_COLLATION_CONNECTION */;
